USE `job_interview_db`;

SET NAMES utf8;

SET FOREIGN_KEY_CHECKS = 0;

INSERT INTO `type_job_interview_status` (`job_interview_status_id`, `job_status_name`, `is_active`, `created_at`) VALUES
(1, 'To Do', 'y', '2023-01-01 12:00:00'),
(2, 'In Progress', 'y', '2023-01-01 12:00:00'),
(3, 'Done', 'y', '2023-01-01 12:00:00');

INSERT INTO `job_interview_master` (`job_master_id`, `job_interview_status_id`, `title_create_user_name`, `email`, `body_description`, `is_active`, `created_at`) VALUES
('00000000-0000-0000-0000-000000000001', 1, 'โรบินฮู้ด', 'user1@robinhood.co.th', 'Lorem ipsum dolor sit amet. Et consequatur nihil et magni dolor vel autem repellat 33 dicta minima qui porro repellendus ut officia nostrum. Ut vitae nesciunt est ducimus ratione eum tempora quidem At maiores ipsa est quia illum a galisum alias! Ut earum quidem id fugit amet ut quam minus non rerum doloremque qui nobis omnis cum omnis neque non consequatur aperiam. Quo vero consequatur qui accusamus labore id architecto nihil et ullam aspernatur ut internos exercitationem aut rerum provident aut expedita galisum.', 'y', '2023-05-23 20:44:37'),
('00000000-0000-0000-0000-000000000002', 1, 'โรบินฮู้ด', 'user1@robinhood.co.th', 'Lorem ipsum dolor sit amet. Et consequatur nihil et magni dolor vel autem repellat 33 dicta minima qui porro repellendus ut officia nostrum. Ut vitae nesciunt est ducimus ratione eum tempora quidem At maiores ipsa est quia illum a galisum alias! Ut earum quidem id fugit amet ut quam minus non rerum doloremque qui nobis omnis cum omnis neque non consequatur aperiam. Quo vero consequatur qui accusamus labore id architecto nihil et ullam aspernatur ut internos exercitationem aut rerum provident aut expedita galisum.', 'y', '2023-05-23 20:44:37'),
('00000000-0000-0000-0000-000000000003', 2, 'โรบินฮู้ด', 'user2@robinhood.co.th', 'Lorem ipsum dolor sit amet. Et consequatur nihil et magni dolor vel autem repellat 33 dicta minima qui porro repellendus ut officia nostrum. Ut vitae nesciunt est ducimus ratione eum tempora quidem At maiores ipsa est quia illum a galisum alias! Ut earum quidem id fugit amet ut quam minus non rerum doloremque qui nobis omnis cum omnis neque non consequatur aperiam. Quo vero consequatur qui accusamus labore id architecto nihil et ullam aspernatur ut internos exercitationem aut rerum provident aut expedita galisum.', 'y', '2023-05-23 20:44:37'),
('00000000-0000-0000-0000-000000000004', 2, 'โรบินฮู้ด', 'user3@robinhood.co.th', 'Lorem ipsum dolor sit amet. Et consequatur nihil et magni dolor vel autem repellat 33 dicta minima qui porro repellendus ut officia nostrum. Ut vitae nesciunt est ducimus ratione eum tempora quidem At maiores ipsa est quia illum a galisum alias! Ut earum quidem id fugit amet ut quam minus non rerum doloremque qui nobis omnis cum omnis neque non consequatur aperiam. Quo vero consequatur qui accusamus labore id architecto nihil et ullam aspernatur ut internos exercitationem aut rerum provident aut expedita galisum.', 'y', '2023-05-23 20:44:27'),
('00000000-0000-0000-0000-000000000005', 3, 'โรบินฮู้ด', 'user4@robinhood.co.th', 'Lorem ipsum dolor sit amet. Et consequatur nihil et magni dolor vel autem repellat 33 dicta minima qui porro repellendus ut officia nostrum. Ut vitae nesciunt est ducimus ratione eum tempora quidem At maiores ipsa est quia illum a galisum alias! Ut earum quidem id fugit amet ut quam minus non rerum doloremque qui nobis omnis cum omnis neque non consequatur aperiam. Quo vero consequatur qui accusamus labore id architecto nihil et ullam aspernatur ut internos exercitationem aut rerum provident aut expedita galisum.', 'y', '2023-05-23 20:44:37'),
('00000000-0000-0000-0000-000000000006', 3, 'โรบินฮู้ด', 'user5@robinhood.co.th', 'Lorem ipsum dolor sit amet. Et consequatur nihil et magni dolor vel autem repellat 33 dicta minima qui porro repellendus ut officia nostrum. Ut vitae nesciunt est ducimus ratione eum tempora quidem At maiores ipsa est quia illum a galisum alias! Ut earum quidem id fugit amet ut quam minus non rerum doloremque qui nobis omnis cum omnis neque non consequatur aperiam. Quo vero consequatur qui accusamus labore id architecto nihil et ullam aspernatur ut internos exercitationem aut rerum provident aut expedita galisum.', 'n', '2023-05-23 20:44:37');

INSERT INTO `job_interview_detail` (`job_detail_id`, `job_master_id`, `title_comment_user_name`, `body_comment`, `created_at`) VALUES
('00000000-0000-0000-0000-000000000011', '00000000-0000-0000-0000-000000000001', 'แบทแมน', 'Lorem ipsum dolor sit amet. Quo fuga quae eos deserunt voluptatum aut totam tempore.', '2023-05-23 20:44:27'),
('00000000-0000-0000-0000-000000000012', '00000000-0000-0000-0000-000000000001', 'แคทวูแมน', 'Lorem ipsum dolor sit amet. Quo fuga quae eos deserunt voluptatum aut totam tempore.', '2023-05-23 20:44:27'),
('00000000-0000-0000-0000-000000000013', '00000000-0000-0000-0000-000000000001', 'วันด้า', 'Lorem ipsum dolor sit amet. Quo fuga quae eos deserunt voluptatum aut totam tempore.', '2023-05-23 20:44:27'),
('00000000-0000-0000-0000-000000000014', '00000000-0000-0000-0000-000000000001', 'ธอร์', 'Lorem ipsum dolor sit amet. Quo fuga quae eos deserunt voluptatum aut totam tempore.', '2023-05-23 20:44:27'),
('00000000-0000-0000-0000-000000000015', '00000000-0000-0000-0000-000000000002', 'อากาธา', 'Lorem ipsum dolor sit amet. Quo fuga quae eos deserunt voluptatum aut totam tempore.', '2023-05-23 20:44:27'),
('00000000-0000-0000-0000-000000000016', '00000000-0000-0000-0000-000000000002', 'มิกกี้', 'Lorem ipsum dolor sit amet. Quo fuga quae eos deserunt voluptatum aut totam tempore.', '2023-05-23 20:44:27'),
('00000000-0000-0000-0000-000000000017', '00000000-0000-0000-0000-000000000003', 'ทอม', 'Lorem ipsum dolor sit amet. Quo fuga quae eos deserunt voluptatum aut totam tempore.', '2023-05-23 20:44:27'),
('00000000-0000-0000-0000-000000000018', '00000000-0000-0000-0000-000000000003', 'เจอรี่', 'Lorem ipsum dolor sit amet. Quo fuga quae eos deserunt voluptatum aut totam tempore.', '2023-05-23 20:44:27');


